[
    {
        "name": "Hotel Recarlisonse",
        "address": "Av. Main Street 1212. Near from KFC",
        "price": 240,
        "description": "Lorem ipsum dolor sit amet, consectetur adipiscing elit, sed do eiusmod tempor incididunt ut labore et dolore magna aliqua. Ut enim ad minim veniam, quis nostrud exercitation ullamco laboris nisi ut aliquip ex ea commodo consequat. Duis aute irure dolor in reprehenderit in voluptate velit esse cillum dolore eu fugiat nulla pariatur. Excepteur sint occaecat cupidatat non proident, sunt in culpa qui officia deserunt mollit anim id est laborum.",
        "imageUrl": "https://q-cf.bstatic.com/images/hotel/max1280x900/488/48858480.jpg",
        "rooms": [
            {
                "imageUrl": "https://f4photographystudio.com/wp-content/uploads/2019/12/Colorful-Hotel-Room.jpg",
                "name": "Standard Room"
            },
            {
                "imageUrl": "https://kivea.net/wp-content/uploads/2019/08/73118462.jpg",
                "name": "Premium Room"
            },
            {
                "imageUrl": "https://www.ggrasia.com/wp-content/uploads/2015/05/JW-Marriot-hotel-room-Galaxy-Macau-Phase-2-e1432637852679.jpg",
                "name": "Deluxe Room"
            }
        ],
        "reviews": [
            {
                "message": "Very confortable rooms!!",
                "user": "Nan",
                "userImage": "https://www.dittolanding.org/templates/semantic/img/nan.jpg",
                "rate": 4
            },
            {
                "message": "Good attention, good food, good rooms. Amazing places",
                "user": "Elliot",
                "userImage": "https://react.semantic-ui.com/images/avatar/large/elliot.jpg",
                "rate": 3
            },
            {
                "message": "Best place to stay :)",
                "user": "Matt",
                "userImage": "https://image.ibb.co/gmbNQT/matthew.png",
                "rate": 5
            }
        ],
        "amenities": [
            {
                "name": "WiFi",
                "imageUrl": "https://cdn1.iconfinder.com/data/icons/social-messaging-ui-color/254000/09-512.png"
            },
            {
                "name": "Parking",
                "imageUrl": "https://upload.wikimedia.org/wikipedia/commons/thumb/5/5f/Parking_icon.svg/1200px-Parking_icon.svg.png"
            },
            {
                "name": "Beach view",
                "imageUrl": "https://cdn4.iconfinder.com/data/icons/summer-and-the-beach-in-filled-outline-style/512/Summer_and_The_Beach_in_Filled_Outline_Style-16-512.png"
            },
            {
                "name": "164 rooms",
                "imageUrl": "https://img.icons8.com/all/500/room.png"
            }
        ]
    },
    {
        "name": "hotel 2",
        "price": 230,
        "address": "awesome 1234",
        "description": "Lorem ipsum dolor sit amet, consectetur adipiscing elit, sed do eiusmod tempor incididunt ut labore et dolore magna aliqua. Ut enim ad minim veniam, quis nostrud exercitation ullamco laboris nisi ut aliquip ex ea commodo consequat. Duis aute irure dolor in reprehenderit in voluptate velit esse cillum dolore eu fugiat nulla pariatur. Excepteur sint occaecat cupidatat non proident, sunt in culpa qui officia deserunt mollit anim id est laborum.",
        "imageUrl": "https://www.ahstatic.com/photos/1867_ho_00_p_1024x768.jpg",
        "rooms": [
            {
                "imageUrl": "https://f4photographystudio.com/wp-content/uploads/2019/12/Colorful-Hotel-Room.jpg",
                "name": "Room abc"
            },
            {
                "imageUrl": "https://kivea.net/wp-content/uploads/2019/08/73118462.jpg",
                "name": "Room def"
            },
            {
                "imageUrl": "https://www.ggrasia.com/wp-content/uploads/2015/05/JW-Marriot-hotel-room-Galaxy-Macau-Phase-2-e1432637852679.jpg",
                "name": "Room ghi"
            }
        ],
        "reviews": [
            {
                "message": "Hi, really nice place!!",
                "user": "Nani",
                "userImage": "https://www.dittolanding.org/templates/semantic/img/nan.jpg",
                "rate": 4
            },
            {
                "message": "Could be better :(",
                "user": "Ellioto",
                "userImage": "https://react.semantic-ui.com/images/avatar/large/elliot.jpg",
                "rate": 3
            },
            {
                "message": "Best place to stay :)",
                "user": "Matti",
                "userImage": "https://image.ibb.co/gmbNQT/matthew.png",
                "rate": 5
            }
        ],
        "amenities": [
            {
                "name": "WiFi",
                "imageUrl": "https://cdn1.iconfinder.com/data/icons/social-messaging-ui-color/254000/09-512.png"
            },
            {
                "name": "Parking",
                "imageUrl": "https://upload.wikimedia.org/wikipedia/commons/thumb/5/5f/Parking_icon.svg/1200px-Parking_icon.svg.png"
            },
            {
                "name": "164 rooms",
                "imageUrl": "https://img.icons8.com/all/500/room.png"
            }
        ]
    },
    {
        "name": "hotel 3",
        "address": "Funny street 12",
        "price": 140,
        "description": "Lorem ipsum dolor sit amet, consectetur adipiscing elit, sed do eiusmod tempor incididunt ut labore et dolore magna aliqua. Ut enim ad minim veniam, quis nostrud exercitation ullamco laboris nisi ut aliquip ex ea commodo consequat. Duis aute irure dolor in reprehenderit in voluptate velit esse cillum dolore eu fugiat nulla pariatur. Excepteur sint occaecat cupidatat non proident, sunt in culpa qui officia deserunt mollit anim id est laborum.",
        "imageUrl": "https://q-cf.bstatic.com/images/hotel/max1024x768/209/209735787.jpg",
        "rooms": [
            {
                "imageUrl": "https://f4photographystudio.com/wp-content/uploads/2019/12/Colorful-Hotel-Room.jpg",
                "name": "Room X"
            },
            {
                "imageUrl": "https://kivea.net/wp-content/uploads/2019/08/73118462.jpg",
                "name": "Room Y"
            },
            {
                "imageUrl": "https://www.ggrasia.com/wp-content/uploads/2015/05/JW-Marriot-hotel-room-Galaxy-Macau-Phase-2-e1432637852679.jpg",
                "name": "Room Z"
            }
        ],
        "reviews": [
            {
                "message": "Hi, really nice place!!",
                "user": "Messi",
                "userImage": "https://image.flaticon.com/icons/png/512/805/805404.png",
                "rate": 4
            },
            {
                "message": "Could be better :(",
                "user": "Neymar",
                "userImage": "https://cdn3.iconfinder.com/data/icons/diversity-avatars-vol-2/64/footballer-soccer-neymar-njr-psg-brazil-512.png",
                "rate": 3
            },
            {
                "message": "Best place to stay :)",
                "user": "Cristiano",
                "userImage": "https://cdn4.iconfinder.com/data/icons/diversity-v2-0-volume-03/64/footballers-cristiano-ronaldo-512.png",
                "rate": 5
            }
        ],
        "amenities": [
            {
                "name": "WiFi",
                "imageUrl": "https://cdn1.iconfinder.com/data/icons/social-messaging-ui-color/254000/09-512.png"
            },
            {
                "name": "Parking",
                "imageUrl": "https://upload.wikimedia.org/wikipedia/commons/thumb/5/5f/Parking_icon.svg/1200px-Parking_icon.svg.png"
            },
            {
                "name": "Beach view",
                "imageUrl": "https://cdn4.iconfinder.com/data/icons/summer-and-the-beach-in-filled-outline-style/512/Summer_and_The_Beach_in_Filled_Outline_Style-16-512.png"
            }
        ]
    }
]